<SOAP-ENV:Envelope xmlns:xsi="http://www.w3.org/2001/XMLSchema-instance" xmlns:xsd="http://www.w3.org/2001/XMLSchema" xmlns:SOAP-ENC="http://schemas.xmlsoap.org/soap/encoding/" xmlns:SOAP-ENV="http://schemas.xmlsoap.org/soap/envelope/" xmlns:clr="http://schemas.microsoft.com/soap/encoding/clr/1.0" SOAP-ENV:encodingStyle="http://schemas.xmlsoap.org/soap/encoding/">
<SOAP-ENV:Body>
<a1:TSLASupervisor id="ref-1" xmlns:a1="http://schemas.microsoft.com/clr/nsassem/SLASupervisor/Analysis.SLA">
<m_SLARulesInfos href="#ref-5"/>
<m_TrackingPeriodType>Default</m_TrackingPeriodType>
<m_TrackingPeriodValue>0</m_TrackingPeriodValue>
<m_TrackingPeriodTimeScale>NoTime</m_TrackingPeriodTimeScale>
<m_TrackingPeriodValueInSec>5</m_TrackingPeriodValueInSec>
<m_DataProvider href="#ref-6"/>
</a1:TSLASupervisor>
<a2:ArrayList id="ref-5" xmlns:a2="http://schemas.microsoft.com/clr/ns/System.Collections">
<_items href="#ref-7"/>
<_size>15</_size>
<_version>42</_version>
</a2:ArrayList>
<a5:TSLADataProvider id="ref-6" xmlns:a5="http://schemas.microsoft.com/clr/nsassem/SLADataProvider/Analysis.SLA">
</a5:TSLADataProvider>
<SOAP-ENC:Array id="ref-7" SOAP-ENC:arrayType="xsd:anyType[16]">
<item href="#ref-8"/>
<item href="#ref-9"/>
<item href="#ref-10"/>
<item href="#ref-11"/>
<item href="#ref-12"/>
<item href="#ref-13"/>
<item href="#ref-14"/>
<item href="#ref-15"/>
<item href="#ref-16"/>
<item href="#ref-17"/>
<item href="#ref-18"/>
<item href="#ref-19"/>
<item href="#ref-20"/>
<item href="#ref-21"/>
<item href="#ref-22"/>
</SOAP-ENC:Array>
<a7:SLARuleInfo id="ref-8" xmlns:a7="http://schemas.microsoft.com/clr/nsassem/SLARules/Analysis.SLA">
<m_RuleDef href="#ref-23"/>
<m_RuleData href="#ref-24"/>
<m_RuleResult href="#ref-25"/>
<m_strId>transaction_response_time_percentile_buying_flights</m_strId>
<m_IsValid>true</m_IsValid>
<m_PrimaryException xsi:null="1"/>
</a7:SLARuleInfo>
<a7:SLARuleInfo id="ref-9" xmlns:a7="http://schemas.microsoft.com/clr/nsassem/SLARules/Analysis.SLA">
<m_RuleDef href="#ref-26"/>
<m_RuleData href="#ref-27"/>
<m_RuleResult href="#ref-28"/>
<m_strId>transaction_response_time_percentile_choose_flight</m_strId>
<m_IsValid>true</m_IsValid>
<m_PrimaryException xsi:null="1"/>
</a7:SLARuleInfo>
<a7:SLARuleInfo id="ref-10" xmlns:a7="http://schemas.microsoft.com/clr/nsassem/SLARules/Analysis.SLA">
<m_RuleDef href="#ref-29"/>
<m_RuleData href="#ref-30"/>
<m_RuleResult href="#ref-31"/>
<m_strId>transaction_response_time_percentile_connect</m_strId>
<m_IsValid>true</m_IsValid>
<m_PrimaryException xsi:null="1"/>
</a7:SLARuleInfo>
<a7:SLARuleInfo id="ref-11" xmlns:a7="http://schemas.microsoft.com/clr/nsassem/SLARules/Analysis.SLA">
<m_RuleDef href="#ref-32"/>
<m_RuleData href="#ref-33"/>
<m_RuleResult href="#ref-34"/>
<m_strId>transaction_response_time_percentile_delete</m_strId>
<m_IsValid>true</m_IsValid>
<m_PrimaryException xsi:null="1"/>
</a7:SLARuleInfo>
<a7:SLARuleInfo id="ref-12" xmlns:a7="http://schemas.microsoft.com/clr/nsassem/SLARules/Analysis.SLA">
<m_RuleDef href="#ref-35"/>
<m_RuleData href="#ref-36"/>
<m_RuleResult href="#ref-37"/>
<m_strId>transaction_response_time_percentile_find_flights</m_strId>
<m_IsValid>true</m_IsValid>
<m_PrimaryException xsi:null="1"/>
</a7:SLARuleInfo>
<a7:SLARuleInfo id="ref-13" xmlns:a7="http://schemas.microsoft.com/clr/nsassem/SLARules/Analysis.SLA">
<m_RuleDef href="#ref-38"/>
<m_RuleData href="#ref-39"/>
<m_RuleResult href="#ref-40"/>
<m_strId>transaction_response_time_percentile_flights</m_strId>
<m_IsValid>true</m_IsValid>
<m_PrimaryException xsi:null="1"/>
</a7:SLARuleInfo>
<a7:SLARuleInfo id="ref-14" xmlns:a7="http://schemas.microsoft.com/clr/nsassem/SLARules/Analysis.SLA">
<m_RuleDef href="#ref-41"/>
<m_RuleData href="#ref-42"/>
<m_RuleResult href="#ref-43"/>
<m_strId>transaction_response_time_percentile_itinerary</m_strId>
<m_IsValid>true</m_IsValid>
<m_PrimaryException xsi:null="1"/>
</a7:SLARuleInfo>
<a7:SLARuleInfo id="ref-15" xmlns:a7="http://schemas.microsoft.com/clr/nsassem/SLARules/Analysis.SLA">
<m_RuleDef href="#ref-44"/>
<m_RuleData href="#ref-45"/>
<m_RuleResult href="#ref-46"/>
<m_strId>transaction_response_time_percentile_login</m_strId>
<m_IsValid>true</m_IsValid>
<m_PrimaryException xsi:null="1"/>
</a7:SLARuleInfo>
<a7:SLARuleInfo id="ref-16" xmlns:a7="http://schemas.microsoft.com/clr/nsassem/SLARules/Analysis.SLA">
<m_RuleDef href="#ref-47"/>
<m_RuleData href="#ref-48"/>
<m_RuleResult href="#ref-49"/>
<m_strId>transaction_response_time_percentile_logout</m_strId>
<m_IsValid>true</m_IsValid>
<m_PrimaryException xsi:null="1"/>
</a7:SLARuleInfo>
<a7:SLARuleInfo id="ref-17" xmlns:a7="http://schemas.microsoft.com/clr/nsassem/SLARules/Analysis.SLA">
<m_RuleDef href="#ref-50"/>
<m_RuleData href="#ref-51"/>
<m_RuleResult href="#ref-52"/>
<m_strId>transaction_response_time_percentile_UC_1_Itinerary_and_delete</m_strId>
<m_IsValid>true</m_IsValid>
<m_PrimaryException xsi:null="1"/>
</a7:SLARuleInfo>
<a7:SLARuleInfo id="ref-18" xmlns:a7="http://schemas.microsoft.com/clr/nsassem/SLARules/Analysis.SLA">
<m_RuleDef href="#ref-53"/>
<m_RuleData href="#ref-54"/>
<m_RuleResult href="#ref-55"/>
<m_strId>transaction_response_time_percentile_UC_2_Buying_Tickets</m_strId>
<m_IsValid>true</m_IsValid>
<m_PrimaryException xsi:null="1"/>
</a7:SLARuleInfo>
<a7:SLARuleInfo id="ref-19" xmlns:a7="http://schemas.microsoft.com/clr/nsassem/SLARules/Analysis.SLA">
<m_RuleDef href="#ref-56"/>
<m_RuleData href="#ref-57"/>
<m_RuleResult href="#ref-58"/>
<m_strId>transaction_response_time_percentile_UC_3_Search_Without_Buying</m_strId>
<m_IsValid>true</m_IsValid>
<m_PrimaryException xsi:null="1"/>
</a7:SLARuleInfo>
<a7:SLARuleInfo id="ref-20" xmlns:a7="http://schemas.microsoft.com/clr/nsassem/SLARules/Analysis.SLA">
<m_RuleDef href="#ref-59"/>
<m_RuleData href="#ref-60"/>
<m_RuleResult href="#ref-61"/>
<m_strId>transaction_response_time_percentile_UC_4_Filling_Fields</m_strId>
<m_IsValid>true</m_IsValid>
<m_PrimaryException xsi:null="1"/>
</a7:SLARuleInfo>
<a7:SLARuleInfo id="ref-21" xmlns:a7="http://schemas.microsoft.com/clr/nsassem/SLARules/Analysis.SLA">
<m_RuleDef href="#ref-62"/>
<m_RuleData href="#ref-63"/>
<m_RuleResult href="#ref-64"/>
<m_strId>transaction_response_time_percentile_UC_5_Buying_And_Itinerary</m_strId>
<m_IsValid>true</m_IsValid>
<m_PrimaryException xsi:null="1"/>
</a7:SLARuleInfo>
<a7:SLARuleInfo id="ref-22" xmlns:a7="http://schemas.microsoft.com/clr/nsassem/SLARules/Analysis.SLA">
<m_RuleDef href="#ref-65"/>
<m_RuleData href="#ref-66"/>
<m_RuleResult href="#ref-67"/>
<m_strId>transaction_response_time_percentile_UC_6_Login_Logout</m_strId>
<m_IsValid>true</m_IsValid>
<m_PrimaryException xsi:null="1"/>
</a7:SLARuleInfo>
<a7:SLAPercentileRuleDef id="ref-23" xmlns:a7="http://schemas.microsoft.com/clr/nsassem/SLARules/Analysis.SLA">
<FSubMsrName>buying_flights</FSubMsrName>
<FGoalValue>5</FGoalValue>
<FPercentage>90</FPercentage>
<m_RuleName>transaction_response_time_percentile_buying_flights</m_RuleName>
<m_RuleUIName>Transaction Response Time (Percentile)</m_RuleUIName>
<m_Measurement>transaction_response_time_percentile</m_Measurement>
<m_CalcDirection>greater_than_equal</m_CalcDirection>
<SLARuleDef_x002B_m_RuleName>transaction_response_time_percentile_buying_flights</SLARuleDef_x002B_m_RuleName>
<SLARuleDef_x002B_m_RuleUIName>Transaction Response Time (Percentile)</SLARuleDef_x002B_m_RuleUIName>
<SLARuleDef_x002B_m_Measurement>transaction_response_time_percentile</SLARuleDef_x002B_m_Measurement>
<SLARuleDef_x002B_m_CalcDirection>greater_than_equal</SLARuleDef_x002B_m_CalcDirection>
</a7:SLAPercentileRuleDef>
<a7:SimpleRuleData id="ref-24" xmlns:a7="http://schemas.microsoft.com/clr/nsassem/SLARules/Analysis.SLA">
<m_RealValue>0.079</m_RealValue>
</a7:SimpleRuleData>
<a7:SLASimpleRuleResult id="ref-25" xmlns:a7="http://schemas.microsoft.com/clr/nsassem/SLARules/Analysis.SLA">
<m_Status>rulesStatusOK</m_Status>
<m_RealValue>0.079</m_RealValue>
<m_GoalValue>5</m_GoalValue>
</a7:SLASimpleRuleResult>
<a7:SLAPercentileRuleDef id="ref-26" xmlns:a7="http://schemas.microsoft.com/clr/nsassem/SLARules/Analysis.SLA">
<FSubMsrName>choose_flight</FSubMsrName>
<FGoalValue>5</FGoalValue>
<FPercentage>90</FPercentage>
<m_RuleName>transaction_response_time_percentile_choose_flight</m_RuleName>
<m_RuleUIName>Transaction Response Time (Percentile)</m_RuleUIName>
<m_Measurement>transaction_response_time_percentile</m_Measurement>
<m_CalcDirection>greater_than_equal</m_CalcDirection>
<SLARuleDef_x002B_m_RuleName>transaction_response_time_percentile_choose_flight</SLARuleDef_x002B_m_RuleName>
<SLARuleDef_x002B_m_RuleUIName>Transaction Response Time (Percentile)</SLARuleDef_x002B_m_RuleUIName>
<SLARuleDef_x002B_m_Measurement>transaction_response_time_percentile</SLARuleDef_x002B_m_Measurement>
<SLARuleDef_x002B_m_CalcDirection>greater_than_equal</SLARuleDef_x002B_m_CalcDirection>
</a7:SLAPercentileRuleDef>
<a7:SimpleRuleData id="ref-27" xmlns:a7="http://schemas.microsoft.com/clr/nsassem/SLARules/Analysis.SLA">
<m_RealValue>0.07099999</m_RealValue>
</a7:SimpleRuleData>
<a7:SLASimpleRuleResult id="ref-28" xmlns:a7="http://schemas.microsoft.com/clr/nsassem/SLARules/Analysis.SLA">
<m_Status>rulesStatusOK</m_Status>
<m_RealValue>0.07099999</m_RealValue>
<m_GoalValue>5</m_GoalValue>
</a7:SLASimpleRuleResult>
<a7:SLAPercentileRuleDef id="ref-29" xmlns:a7="http://schemas.microsoft.com/clr/nsassem/SLARules/Analysis.SLA">
<FSubMsrName>connect</FSubMsrName>
<FGoalValue>5</FGoalValue>
<FPercentage>90</FPercentage>
<m_RuleName>transaction_response_time_percentile_connect</m_RuleName>
<m_RuleUIName>Transaction Response Time (Percentile)</m_RuleUIName>
<m_Measurement>transaction_response_time_percentile</m_Measurement>
<m_CalcDirection>greater_than_equal</m_CalcDirection>
<SLARuleDef_x002B_m_RuleName>transaction_response_time_percentile_connect</SLARuleDef_x002B_m_RuleName>
<SLARuleDef_x002B_m_RuleUIName>Transaction Response Time (Percentile)</SLARuleDef_x002B_m_RuleUIName>
<SLARuleDef_x002B_m_Measurement>transaction_response_time_percentile</SLARuleDef_x002B_m_Measurement>
<SLARuleDef_x002B_m_CalcDirection>greater_than_equal</SLARuleDef_x002B_m_CalcDirection>
</a7:SLAPercentileRuleDef>
<a7:SimpleRuleData id="ref-30" xmlns:a7="http://schemas.microsoft.com/clr/nsassem/SLARules/Analysis.SLA">
<m_RealValue>0.097</m_RealValue>
</a7:SimpleRuleData>
<a7:SLASimpleRuleResult id="ref-31" xmlns:a7="http://schemas.microsoft.com/clr/nsassem/SLARules/Analysis.SLA">
<m_Status>rulesStatusOK</m_Status>
<m_RealValue>0.097</m_RealValue>
<m_GoalValue>5</m_GoalValue>
</a7:SLASimpleRuleResult>
<a7:SLAPercentileRuleDef id="ref-32" xmlns:a7="http://schemas.microsoft.com/clr/nsassem/SLARules/Analysis.SLA">
<FSubMsrName>delete</FSubMsrName>
<FGoalValue>5</FGoalValue>
<FPercentage>90</FPercentage>
<m_RuleName>transaction_response_time_percentile_delete</m_RuleName>
<m_RuleUIName>Transaction Response Time (Percentile)</m_RuleUIName>
<m_Measurement>transaction_response_time_percentile</m_Measurement>
<m_CalcDirection>greater_than_equal</m_CalcDirection>
<SLARuleDef_x002B_m_RuleName>transaction_response_time_percentile_delete</SLARuleDef_x002B_m_RuleName>
<SLARuleDef_x002B_m_RuleUIName>Transaction Response Time (Percentile)</SLARuleDef_x002B_m_RuleUIName>
<SLARuleDef_x002B_m_Measurement>transaction_response_time_percentile</SLARuleDef_x002B_m_Measurement>
<SLARuleDef_x002B_m_CalcDirection>greater_than_equal</SLARuleDef_x002B_m_CalcDirection>
</a7:SLAPercentileRuleDef>
<a7:SimpleRuleData id="ref-33" xmlns:a7="http://schemas.microsoft.com/clr/nsassem/SLARules/Analysis.SLA">
<m_RealValue>0.132</m_RealValue>
</a7:SimpleRuleData>
<a7:SLASimpleRuleResult id="ref-34" xmlns:a7="http://schemas.microsoft.com/clr/nsassem/SLARules/Analysis.SLA">
<m_Status>rulesStatusOK</m_Status>
<m_RealValue>0.132</m_RealValue>
<m_GoalValue>5</m_GoalValue>
</a7:SLASimpleRuleResult>
<a7:SLAPercentileRuleDef id="ref-35" xmlns:a7="http://schemas.microsoft.com/clr/nsassem/SLARules/Analysis.SLA">
<FSubMsrName>find_flights</FSubMsrName>
<FGoalValue>5</FGoalValue>
<FPercentage>90</FPercentage>
<m_RuleName>transaction_response_time_percentile_find_flights</m_RuleName>
<m_RuleUIName>Transaction Response Time (Percentile)</m_RuleUIName>
<m_Measurement>transaction_response_time_percentile</m_Measurement>
<m_CalcDirection>greater_than_equal</m_CalcDirection>
<SLARuleDef_x002B_m_RuleName>transaction_response_time_percentile_find_flights</SLARuleDef_x002B_m_RuleName>
<SLARuleDef_x002B_m_RuleUIName>Transaction Response Time (Percentile)</SLARuleDef_x002B_m_RuleUIName>
<SLARuleDef_x002B_m_Measurement>transaction_response_time_percentile</SLARuleDef_x002B_m_Measurement>
<SLARuleDef_x002B_m_CalcDirection>greater_than_equal</SLARuleDef_x002B_m_CalcDirection>
</a7:SLAPercentileRuleDef>
<a7:SimpleRuleData id="ref-36" xmlns:a7="http://schemas.microsoft.com/clr/nsassem/SLARules/Analysis.SLA">
<m_RealValue>0.06</m_RealValue>
</a7:SimpleRuleData>
<a7:SLASimpleRuleResult id="ref-37" xmlns:a7="http://schemas.microsoft.com/clr/nsassem/SLARules/Analysis.SLA">
<m_Status>rulesStatusOK</m_Status>
<m_RealValue>0.06</m_RealValue>
<m_GoalValue>5</m_GoalValue>
</a7:SLASimpleRuleResult>
<a7:SLAPercentileRuleDef id="ref-38" xmlns:a7="http://schemas.microsoft.com/clr/nsassem/SLARules/Analysis.SLA">
<FSubMsrName>flights</FSubMsrName>
<FGoalValue>5</FGoalValue>
<FPercentage>90</FPercentage>
<m_RuleName>transaction_response_time_percentile_flights</m_RuleName>
<m_RuleUIName>Transaction Response Time (Percentile)</m_RuleUIName>
<m_Measurement>transaction_response_time_percentile</m_Measurement>
<m_CalcDirection>greater_than_equal</m_CalcDirection>
<SLARuleDef_x002B_m_RuleName>transaction_response_time_percentile_flights</SLARuleDef_x002B_m_RuleName>
<SLARuleDef_x002B_m_RuleUIName>Transaction Response Time (Percentile)</SLARuleDef_x002B_m_RuleUIName>
<SLARuleDef_x002B_m_Measurement>transaction_response_time_percentile</SLARuleDef_x002B_m_Measurement>
<SLARuleDef_x002B_m_CalcDirection>greater_than_equal</SLARuleDef_x002B_m_CalcDirection>
</a7:SLAPercentileRuleDef>
<a7:SimpleRuleData id="ref-39" xmlns:a7="http://schemas.microsoft.com/clr/nsassem/SLARules/Analysis.SLA">
<m_RealValue>0.15</m_RealValue>
</a7:SimpleRuleData>
<a7:SLASimpleRuleResult id="ref-40" xmlns:a7="http://schemas.microsoft.com/clr/nsassem/SLARules/Analysis.SLA">
<m_Status>rulesStatusOK</m_Status>
<m_RealValue>0.15</m_RealValue>
<m_GoalValue>5</m_GoalValue>
</a7:SLASimpleRuleResult>
<a7:SLAPercentileRuleDef id="ref-41" xmlns:a7="http://schemas.microsoft.com/clr/nsassem/SLARules/Analysis.SLA">
<FSubMsrName>itinerary</FSubMsrName>
<FGoalValue>5</FGoalValue>
<FPercentage>90</FPercentage>
<m_RuleName>transaction_response_time_percentile_itinerary</m_RuleName>
<m_RuleUIName>Transaction Response Time (Percentile)</m_RuleUIName>
<m_Measurement>transaction_response_time_percentile</m_Measurement>
<m_CalcDirection>greater_than_equal</m_CalcDirection>
<SLARuleDef_x002B_m_RuleName>transaction_response_time_percentile_itinerary</SLARuleDef_x002B_m_RuleName>
<SLARuleDef_x002B_m_RuleUIName>Transaction Response Time (Percentile)</SLARuleDef_x002B_m_RuleUIName>
<SLARuleDef_x002B_m_Measurement>transaction_response_time_percentile</SLARuleDef_x002B_m_Measurement>
<SLARuleDef_x002B_m_CalcDirection>greater_than_equal</SLARuleDef_x002B_m_CalcDirection>
</a7:SLAPercentileRuleDef>
<a7:SimpleRuleData id="ref-42" xmlns:a7="http://schemas.microsoft.com/clr/nsassem/SLARules/Analysis.SLA">
<m_RealValue>0.155</m_RealValue>
</a7:SimpleRuleData>
<a7:SLASimpleRuleResult id="ref-43" xmlns:a7="http://schemas.microsoft.com/clr/nsassem/SLARules/Analysis.SLA">
<m_Status>rulesStatusOK</m_Status>
<m_RealValue>0.155</m_RealValue>
<m_GoalValue>5</m_GoalValue>
</a7:SLASimpleRuleResult>
<a7:SLAPercentileRuleDef id="ref-44" xmlns:a7="http://schemas.microsoft.com/clr/nsassem/SLARules/Analysis.SLA">
<FSubMsrName>login</FSubMsrName>
<FGoalValue>5</FGoalValue>
<FPercentage>90</FPercentage>
<m_RuleName>transaction_response_time_percentile_login</m_RuleName>
<m_RuleUIName>Transaction Response Time (Percentile)</m_RuleUIName>
<m_Measurement>transaction_response_time_percentile</m_Measurement>
<m_CalcDirection>greater_than_equal</m_CalcDirection>
<SLARuleDef_x002B_m_RuleName>transaction_response_time_percentile_login</SLARuleDef_x002B_m_RuleName>
<SLARuleDef_x002B_m_RuleUIName>Transaction Response Time (Percentile)</SLARuleDef_x002B_m_RuleUIName>
<SLARuleDef_x002B_m_Measurement>transaction_response_time_percentile</SLARuleDef_x002B_m_Measurement>
<SLARuleDef_x002B_m_CalcDirection>greater_than_equal</SLARuleDef_x002B_m_CalcDirection>
</a7:SLAPercentileRuleDef>
<a7:SimpleRuleData id="ref-45" xmlns:a7="http://schemas.microsoft.com/clr/nsassem/SLARules/Analysis.SLA">
<m_RealValue>0.118</m_RealValue>
</a7:SimpleRuleData>
<a7:SLASimpleRuleResult id="ref-46" xmlns:a7="http://schemas.microsoft.com/clr/nsassem/SLARules/Analysis.SLA">
<m_Status>rulesStatusOK</m_Status>
<m_RealValue>0.118</m_RealValue>
<m_GoalValue>5</m_GoalValue>
</a7:SLASimpleRuleResult>
<a7:SLAPercentileRuleDef id="ref-47" xmlns:a7="http://schemas.microsoft.com/clr/nsassem/SLARules/Analysis.SLA">
<FSubMsrName>logout</FSubMsrName>
<FGoalValue>5</FGoalValue>
<FPercentage>90</FPercentage>
<m_RuleName>transaction_response_time_percentile_logout</m_RuleName>
<m_RuleUIName>Transaction Response Time (Percentile)</m_RuleUIName>
<m_Measurement>transaction_response_time_percentile</m_Measurement>
<m_CalcDirection>greater_than_equal</m_CalcDirection>
<SLARuleDef_x002B_m_RuleName>transaction_response_time_percentile_logout</SLARuleDef_x002B_m_RuleName>
<SLARuleDef_x002B_m_RuleUIName>Transaction Response Time (Percentile)</SLARuleDef_x002B_m_RuleUIName>
<SLARuleDef_x002B_m_Measurement>transaction_response_time_percentile</SLARuleDef_x002B_m_Measurement>
<SLARuleDef_x002B_m_CalcDirection>greater_than_equal</SLARuleDef_x002B_m_CalcDirection>
</a7:SLAPercentileRuleDef>
<a7:SimpleRuleData id="ref-48" xmlns:a7="http://schemas.microsoft.com/clr/nsassem/SLARules/Analysis.SLA">
<m_RealValue>0.093</m_RealValue>
</a7:SimpleRuleData>
<a7:SLASimpleRuleResult id="ref-49" xmlns:a7="http://schemas.microsoft.com/clr/nsassem/SLARules/Analysis.SLA">
<m_Status>rulesStatusOK</m_Status>
<m_RealValue>0.093</m_RealValue>
<m_GoalValue>5</m_GoalValue>
</a7:SLASimpleRuleResult>
<a7:SLAPercentileRuleDef id="ref-50" xmlns:a7="http://schemas.microsoft.com/clr/nsassem/SLARules/Analysis.SLA">
<FSubMsrName>UC_1_Itinerary_and_delete</FSubMsrName>
<FGoalValue>50</FGoalValue>
<FPercentage>90</FPercentage>
<m_RuleName>transaction_response_time_percentile_UC_1_Itinerary_and_delete</m_RuleName>
<m_RuleUIName>Transaction Response Time (Percentile)</m_RuleUIName>
<m_Measurement>transaction_response_time_percentile</m_Measurement>
<m_CalcDirection>greater_than_equal</m_CalcDirection>
<SLARuleDef_x002B_m_RuleName>transaction_response_time_percentile_UC_1_Itinerary_and_delete</SLARuleDef_x002B_m_RuleName>
<SLARuleDef_x002B_m_RuleUIName>Transaction Response Time (Percentile)</SLARuleDef_x002B_m_RuleUIName>
<SLARuleDef_x002B_m_Measurement>transaction_response_time_percentile</SLARuleDef_x002B_m_Measurement>
<SLARuleDef_x002B_m_CalcDirection>greater_than_equal</SLARuleDef_x002B_m_CalcDirection>
</a7:SLAPercentileRuleDef>
<a7:SimpleRuleData id="ref-51" xmlns:a7="http://schemas.microsoft.com/clr/nsassem/SLARules/Analysis.SLA">
<m_RealValue>0.545</m_RealValue>
</a7:SimpleRuleData>
<a7:SLASimpleRuleResult id="ref-52" xmlns:a7="http://schemas.microsoft.com/clr/nsassem/SLARules/Analysis.SLA">
<m_Status>rulesStatusOK</m_Status>
<m_RealValue>0.545</m_RealValue>
<m_GoalValue>50</m_GoalValue>
</a7:SLASimpleRuleResult>
<a7:SLAPercentileRuleDef id="ref-53" xmlns:a7="http://schemas.microsoft.com/clr/nsassem/SLARules/Analysis.SLA">
<FSubMsrName>UC_2_Buying_Tickets</FSubMsrName>
<FGoalValue>120</FGoalValue>
<FPercentage>90</FPercentage>
<m_RuleName>transaction_response_time_percentile_UC_2_Buying_Tickets</m_RuleName>
<m_RuleUIName>Transaction Response Time (Percentile)</m_RuleUIName>
<m_Measurement>transaction_response_time_percentile</m_Measurement>
<m_CalcDirection>greater_than_equal</m_CalcDirection>
<SLARuleDef_x002B_m_RuleName>transaction_response_time_percentile_UC_2_Buying_Tickets</SLARuleDef_x002B_m_RuleName>
<SLARuleDef_x002B_m_RuleUIName>Transaction Response Time (Percentile)</SLARuleDef_x002B_m_RuleUIName>
<SLARuleDef_x002B_m_Measurement>transaction_response_time_percentile</SLARuleDef_x002B_m_Measurement>
<SLARuleDef_x002B_m_CalcDirection>greater_than_equal</SLARuleDef_x002B_m_CalcDirection>
</a7:SLAPercentileRuleDef>
<a7:SimpleRuleData id="ref-54" xmlns:a7="http://schemas.microsoft.com/clr/nsassem/SLARules/Analysis.SLA">
<m_RealValue>0.621</m_RealValue>
</a7:SimpleRuleData>
<a7:SLASimpleRuleResult id="ref-55" xmlns:a7="http://schemas.microsoft.com/clr/nsassem/SLARules/Analysis.SLA">
<m_Status>rulesStatusOK</m_Status>
<m_RealValue>0.621</m_RealValue>
<m_GoalValue>120</m_GoalValue>
</a7:SLASimpleRuleResult>
<a7:SLAPercentileRuleDef id="ref-56" xmlns:a7="http://schemas.microsoft.com/clr/nsassem/SLARules/Analysis.SLA">
<FSubMsrName>UC_3_Search_Without_Buying</FSubMsrName>
<FGoalValue>48</FGoalValue>
<FPercentage>90</FPercentage>
<m_RuleName>transaction_response_time_percentile_UC_3_Search_Without_Buying</m_RuleName>
<m_RuleUIName>Transaction Response Time (Percentile)</m_RuleUIName>
<m_Measurement>transaction_response_time_percentile</m_Measurement>
<m_CalcDirection>greater_than_equal</m_CalcDirection>
<SLARuleDef_x002B_m_RuleName>transaction_response_time_percentile_UC_3_Search_Without_Buying</SLARuleDef_x002B_m_RuleName>
<SLARuleDef_x002B_m_RuleUIName>Transaction Response Time (Percentile)</SLARuleDef_x002B_m_RuleUIName>
<SLARuleDef_x002B_m_Measurement>transaction_response_time_percentile</SLARuleDef_x002B_m_Measurement>
<SLARuleDef_x002B_m_CalcDirection>greater_than_equal</SLARuleDef_x002B_m_CalcDirection>
</a7:SLAPercentileRuleDef>
<a7:SimpleRuleData id="ref-57" xmlns:a7="http://schemas.microsoft.com/clr/nsassem/SLARules/Analysis.SLA">
<m_RealValue>0.545</m_RealValue>
</a7:SimpleRuleData>
<a7:SLASimpleRuleResult id="ref-58" xmlns:a7="http://schemas.microsoft.com/clr/nsassem/SLARules/Analysis.SLA">
<m_Status>rulesStatusOK</m_Status>
<m_RealValue>0.545</m_RealValue>
<m_GoalValue>48</m_GoalValue>
</a7:SLASimpleRuleResult>
<a7:SLAPercentileRuleDef id="ref-59" xmlns:a7="http://schemas.microsoft.com/clr/nsassem/SLARules/Analysis.SLA">
<FSubMsrName>UC_4_Filling_Fields</FSubMsrName>
<FGoalValue>118</FGoalValue>
<FPercentage>90</FPercentage>
<m_RuleName>transaction_response_time_percentile_UC_4_Filling_Fields</m_RuleName>
<m_RuleUIName>Transaction Response Time (Percentile)</m_RuleUIName>
<m_Measurement>transaction_response_time_percentile</m_Measurement>
<m_CalcDirection>greater_than_equal</m_CalcDirection>
<SLARuleDef_x002B_m_RuleName>transaction_response_time_percentile_UC_4_Filling_Fields</SLARuleDef_x002B_m_RuleName>
<SLARuleDef_x002B_m_RuleUIName>Transaction Response Time (Percentile)</SLARuleDef_x002B_m_RuleUIName>
<SLARuleDef_x002B_m_Measurement>transaction_response_time_percentile</SLARuleDef_x002B_m_Measurement>
<SLARuleDef_x002B_m_CalcDirection>greater_than_equal</SLARuleDef_x002B_m_CalcDirection>
</a7:SLAPercentileRuleDef>
<a7:SimpleRuleData id="ref-60" xmlns:a7="http://schemas.microsoft.com/clr/nsassem/SLARules/Analysis.SLA">
<m_RealValue>0.485</m_RealValue>
</a7:SimpleRuleData>
<a7:SLASimpleRuleResult id="ref-61" xmlns:a7="http://schemas.microsoft.com/clr/nsassem/SLARules/Analysis.SLA">
<m_Status>rulesStatusOK</m_Status>
<m_RealValue>0.485</m_RealValue>
<m_GoalValue>118</m_GoalValue>
</a7:SLASimpleRuleResult>
<a7:SLAPercentileRuleDef id="ref-62" xmlns:a7="http://schemas.microsoft.com/clr/nsassem/SLARules/Analysis.SLA">
<FSubMsrName>UC_5_Buying_And_Itinerary</FSubMsrName>
<FGoalValue>124</FGoalValue>
<FPercentage>90</FPercentage>
<m_RuleName>transaction_response_time_percentile_UC_5_Buying_And_Itinerary</m_RuleName>
<m_RuleUIName>Transaction Response Time (Percentile)</m_RuleUIName>
<m_Measurement>transaction_response_time_percentile</m_Measurement>
<m_CalcDirection>greater_than_equal</m_CalcDirection>
<SLARuleDef_x002B_m_RuleName>transaction_response_time_percentile_UC_5_Buying_And_Itinerary</SLARuleDef_x002B_m_RuleName>
<SLARuleDef_x002B_m_RuleUIName>Transaction Response Time (Percentile)</SLARuleDef_x002B_m_RuleUIName>
<SLARuleDef_x002B_m_Measurement>transaction_response_time_percentile</SLARuleDef_x002B_m_Measurement>
<SLARuleDef_x002B_m_CalcDirection>greater_than_equal</SLARuleDef_x002B_m_CalcDirection>
</a7:SLAPercentileRuleDef>
<a7:SimpleRuleData id="ref-63" xmlns:a7="http://schemas.microsoft.com/clr/nsassem/SLARules/Analysis.SLA">
<m_RealValue>0.749</m_RealValue>
</a7:SimpleRuleData>
<a7:SLASimpleRuleResult id="ref-64" xmlns:a7="http://schemas.microsoft.com/clr/nsassem/SLARules/Analysis.SLA">
<m_Status>rulesStatusOK</m_Status>
<m_RealValue>0.749</m_RealValue>
<m_GoalValue>124</m_GoalValue>
</a7:SLASimpleRuleResult>
<a7:SLAPercentileRuleDef id="ref-65" xmlns:a7="http://schemas.microsoft.com/clr/nsassem/SLARules/Analysis.SLA">
<FSubMsrName>UC_6_Login_Logout</FSubMsrName>
<FGoalValue>42</FGoalValue>
<FPercentage>90</FPercentage>
<m_RuleName>transaction_response_time_percentile_UC_6_Login_Logout</m_RuleName>
<m_RuleUIName>Transaction Response Time (Percentile)</m_RuleUIName>
<m_Measurement>transaction_response_time_percentile</m_Measurement>
<m_CalcDirection>greater_than_equal</m_CalcDirection>
<SLARuleDef_x002B_m_RuleName>transaction_response_time_percentile_UC_6_Login_Logout</SLARuleDef_x002B_m_RuleName>
<SLARuleDef_x002B_m_RuleUIName>Transaction Response Time (Percentile)</SLARuleDef_x002B_m_RuleUIName>
<SLARuleDef_x002B_m_Measurement>transaction_response_time_percentile</SLARuleDef_x002B_m_Measurement>
<SLARuleDef_x002B_m_CalcDirection>greater_than_equal</SLARuleDef_x002B_m_CalcDirection>
</a7:SLAPercentileRuleDef>
<a7:SimpleRuleData id="ref-66" xmlns:a7="http://schemas.microsoft.com/clr/nsassem/SLARules/Analysis.SLA">
<m_RealValue>0.293</m_RealValue>
</a7:SimpleRuleData>
<a7:SLASimpleRuleResult id="ref-67" xmlns:a7="http://schemas.microsoft.com/clr/nsassem/SLARules/Analysis.SLA">
<m_Status>rulesStatusOK</m_Status>
<m_RealValue>0.293</m_RealValue>
<m_GoalValue>42</m_GoalValue>
</a7:SLASimpleRuleResult>
</SOAP-ENV:Body>
</SOAP-ENV:Envelope>
