<?xml version="1.0" encoding="UTF-8"?><SLA Version="1.0"><TxList><Tx>Action_Transaction</Tx><Tx>buying_flights</Tx><Tx>choose_flight</Tx><Tx>connect</Tx><Tx>delete</Tx><Tx>find_flights</Tx><Tx>flights</Tx><Tx>itinerary</Tx><Tx>login</Tx><Tx>logout</Tx><Tx>UC_1_Itinerary_and_delete</Tx><Tx>UC_2_Buying_Tickets</Tx><Tx>UC_3_Search_Without_Buying</Tx><Tx>UC_4_Filling_Fields</Tx><Tx>UC_5_Buying_And_Itinerary</Tx><Tx>UC_6_Login_Logout</Tx><Tx>vuser_end_Transaction</Tx><Tx>vuser_init_Transaction</Tx></TxList><SLARules><TrackingPeriodType>Default</TrackingPeriodType><TrackingPeriodValue></TrackingPeriodValue><TrackingPeriodTimeScale></TrackingPeriodTimeScale><RulesGroup Type="PercentileRule"><Name>Percentile Based Rules</Name><PercentileRule Name="transaction_response_time_percentile_buying_flights"><Percentage>90</Percentage><Value>5</Value><Measurement>transaction_response_time_percentile</Measurement><SubMeasurement>buying_flights</SubMeasurement></PercentileRule><PercentileRule Name="transaction_response_time_percentile_choose_flight"><Percentage>90</Percentage><Value>5</Value><Measurement>transaction_response_time_percentile</Measurement><SubMeasurement>choose_flight</SubMeasurement></PercentileRule><PercentileRule Name="transaction_response_time_percentile_connect"><Percentage>90</Percentage><Value>5</Value><Measurement>transaction_response_time_percentile</Measurement><SubMeasurement>connect</SubMeasurement></PercentileRule><PercentileRule Name="transaction_response_time_percentile_delete"><Percentage>90</Percentage><Value>5</Value><Measurement>transaction_response_time_percentile</Measurement><SubMeasurement>delete</SubMeasurement></PercentileRule><PercentileRule Name="transaction_response_time_percentile_find_flights"><Percentage>90</Percentage><Value>5</Value><Measurement>transaction_response_time_percentile</Measurement><SubMeasurement>find_flights</SubMeasurement></PercentileRule><PercentileRule Name="transaction_response_time_percentile_flights"><Percentage>90</Percentage><Value>5</Value><Measurement>transaction_response_time_percentile</Measurement><SubMeasurement>flights</SubMeasurement></PercentileRule><PercentileRule Name="transaction_response_time_percentile_itinerary"><Percentage>90</Percentage><Value>5</Value><Measurement>transaction_response_time_percentile</Measurement><SubMeasurement>itinerary</SubMeasurement></PercentileRule><PercentileRule Name="transaction_response_time_percentile_login"><Percentage>90</Percentage><Value>5</Value><Measurement>transaction_response_time_percentile</Measurement><SubMeasurement>login</SubMeasurement></PercentileRule><PercentileRule Name="transaction_response_time_percentile_logout"><Percentage>90</Percentage><Value>5</Value><Measurement>transaction_response_time_percentile</Measurement><SubMeasurement>logout</SubMeasurement></PercentileRule><PercentileRule Name="transaction_response_time_percentile_UC_1_Itinerary_and_delete"><Percentage>90</Percentage><Value>50</Value><Measurement>transaction_response_time_percentile</Measurement><SubMeasurement>UC_1_Itinerary_and_delete</SubMeasurement></PercentileRule><PercentileRule Name="transaction_response_time_percentile_UC_2_Buying_Tickets"><Percentage>90</Percentage><Value>120</Value><Measurement>transaction_response_time_percentile</Measurement><SubMeasurement>UC_2_Buying_Tickets</SubMeasurement></PercentileRule><PercentileRule Name="transaction_response_time_percentile_UC_3_Search_Without_Buying"><Percentage>90</Percentage><Value>48</Value><Measurement>transaction_response_time_percentile</Measurement><SubMeasurement>UC_3_Search_Without_Buying</SubMeasurement></PercentileRule><PercentileRule Name="transaction_response_time_percentile_UC_4_Filling_Fields"><Percentage>90</Percentage><Value>118</Value><Measurement>transaction_response_time_percentile</Measurement><SubMeasurement>UC_4_Filling_Fields</SubMeasurement></PercentileRule><PercentileRule Name="transaction_response_time_percentile_UC_5_Buying_And_Itinerary"><Percentage>90</Percentage><Value>124</Value><Measurement>transaction_response_time_percentile</Measurement><SubMeasurement>UC_5_Buying_And_Itinerary</SubMeasurement></PercentileRule><PercentileRule Name="transaction_response_time_percentile_UC_6_Login_Logout"><Percentage>90</Percentage><Value>42</Value><Measurement>transaction_response_time_percentile</Measurement><SubMeasurement>UC_6_Login_Logout</SubMeasurement></PercentileRule></RulesGroup></SLARules></SLA>