<?xml version="1.0" encoding="UTF-8"?><SLA Version="1.0"><TxList><Tx>UC_5_Buying_And_Itinerary</Tx><Tx>vuser_end_Transaction</Tx><Tx>login</Tx><Tx>UC_3_Search_Without_Buying</Tx><Tx>choose_flight</Tx><Tx>buying_flights</Tx><Tx>vuser_init_Transaction</Tx><Tx>UC_2_Buying_Tickets</Tx><Tx>find_flights</Tx><Tx>UC_4_Filling_Fields</Tx><Tx>delete</Tx><Tx>logout</Tx><Tx>flights</Tx><Tx>UC_1_Itinerary_and_delete</Tx><Tx>UC_6_Login_Logout</Tx><Tx>Action_Transaction</Tx><Tx>itinerary</Tx><Tx>connect</Tx></TxList><SLARules><TrackingPeriodType>Default</TrackingPeriodType><TrackingPeriodValue></TrackingPeriodValue><TrackingPeriodTimeScale></TrackingPeriodTimeScale></SLARules></SLA>